ID,NAME,ICON,TWITTER,FACE
c7O0,ときのそら,&#128059;&#128191;,tokino_sora,"https://i0.wp.com/image01.seesaawiki.jp/h/v/hololivetv/f1CeeO5O6y.png?resize=18px,18px"
4N6B,ロボ子さん,&#129302;,robocosan,"https://i0.wp.com/image01.seesaawiki.jp/h/v/hololivetv/MOXCanl0sY.png?resize=18px,18px"
RT3w,さくらみこ,&#127800;,sakuramiko35,"https://i0.wp.com/image02.seesaawiki.jp/h/v/hololivetv/3n_jHgImoO.png?resize=18px,18px"
1Mzt,夜空メル,&#127775;,yozoramel,"https://i0.wp.com/image02.seesaawiki.jp/h/v/hololivetv/XW5VL0Rotn.png?resize=18px,18px"
7H8T,アキ・ローゼンタール,&#127822;,akirosenthal,"https://i0.wp.com/image01.seesaawiki.jp/h/v/hololivetv/w3RY3Lus_S.png?resize=18px,18px"
98de,赤井はあと,&#10084;&#65039;,akaihaato,"https://i0.wp.com/image02.seesaawiki.jp/h/v/hololivetv/ccV3rUohsS.png?resize=18px,18px"
200R,白上フブキ,&#127805;,shirakamifubuki,"https://i0.wp.com/image02.seesaawiki.jp/h/v/hololivetv/hJhJjoz8Cm.png?resize=18px,18px"
8AnB,夏色まつり,&#127982;,natsuiromatsuri,"https://i0.wp.com/image01.seesaawiki.jp/h/v/hololivetv/dXF1amCTcN.png?resize=18px,18px"
i53P,湊あくあ,&#9875;&#65039;,minatoaqua,"https://i0.wp.com/image02.seesaawiki.jp/h/v/hololivetv/A31bFxvl_6.png?resize=18px,18px"
5Ao0,紫咲シオン,&#127769;,murasakishionch,"https://i0.wp.com/image02.seesaawiki.jp/h/v/hololivetv/7E6xbTcHYZ.png?resize=18px,18px"
y2xO,百鬼あやめ,&#128520;,nakiriayame,"https://i0.wp.com/image01.seesaawiki.jp/h/v/hololivetv/nHjTDn4YMd.png?resize=18px,18px"
S6dK,癒月ちょこ,&#128139;,yuzukichococh,"https://i0.wp.com/image02.seesaawiki.jp/h/v/hololivetv/MBfi4oXJ98.png?resize=18px,18px"
L8Ex,大空スバル,&#128657;,oozorasubaru,"https://i0.wp.com/image01.seesaawiki.jp/h/v/hololivetv/11go2oVxg2.png?resize=18px,18px"
8AP4,大神ミオ,&#127794;,ookamimio,"https://i0.wp.com/image02.seesaawiki.jp/h/v/hololivetv/YBfBKBYdSF.png?resize=18px,18px"
a42M,猫又おかゆ,&#127833;,nekomataokayu,"https://i0.wp.com/image01.seesaawiki.jp/h/v/hololivetv/dIKMHD48m1.png?resize=18px,18px"
4P90,戌神ころね,&#129360;,inugamikorone,"https://i0.wp.com/image01.seesaawiki.jp/h/v/hololivetv/vU0ZvXSQDI.png?resize=18px,18px"
nhQ1,AZKi,&#9874;&#65039;,AZKi_VDiVA,"https://i0.wp.com/image01.seesaawiki.jp/h/v/hololivetv/zXR3Afvcdh.png?resize=18px,18px"
zqXT,星街すいせい,&#9732;&#65039;,suisei_hosimati,"https://i0.wp.com/image02.seesaawiki.jp/h/v/hololivetv/6nRrHK1JwW.png?resize=18px,18px"
3v25,兎田ぺこら,&#x1F46F;&zwj;&#x2640;&#xFE0F;,usadapekora,"https://i0.wp.com/image01.seesaawiki.jp/h/v/hololivetv/AGe1n5GjBW.png?resize=18px,18px"
qwc8,潤羽るしあ,&#129419;,uruharushia,"https://i0.wp.com/image01.seesaawiki.jp/h/v/hololivetv/ascZCM3qkj.png?resize=18px,18px"
PYNo,不知火フレア,&#128293;,shiranuiflare,"https://i0.wp.com/image02.seesaawiki.jp/h/v/hololivetv/5QApLQ59V9.png?resize=18px,18px"
1M1y,白銀ノエル,&#9876;&#65039;,shiroganenoel,"https://i0.wp.com/image02.seesaawiki.jp/h/v/hololivetv/UR0CXJQS73.png?resize=18px,18px"
1DLz,宝鐘マリン,&#127988;&#8205;&#9760;&#65039;,houshoumarine,"https://i0.wp.com/image01.seesaawiki.jp/h/v/hololivetv/mCquTw9_9y.png?resize=18px,18px"
y8Am,天音かなた,&#x1F4AB;,amanekanatach,"https://i0.wp.com/image01.seesaawiki.jp/h/v/hololivetv/faaoVo_OnY-s.png?resize=18px,18px"
rP5Z,角巻わため,&#x1f40f;,tsunomakiwatame,"https://i0.wp.com/image01.seesaawiki.jp/h/v/hololivetv/EMyldvwJsK.png?resize=18px,18px"
k4h2,常闇トワ,&#x1f47e;,tokoyamitowa,"https://i0.wp.com/image02.seesaawiki.jp/h/v/hololivetv/w00S9YxNG3.png?resize=18px,18px"
J2S3,姫森ルーナ,&#x1f36c;,himemoriluna,"https://i0.wp.com/image02.seesaawiki.jp/h/v/hololivetv/jVwuPlKJYm.png?resize=18px,18px"
mBr1,雪花ラミィ,&#9731;&#65039;,yukihanalamy,"https://i0.wp.com/image02.seesaawiki.jp/h/v/hololivetv/u2mypbqchR.png?resize=18px,18px"
26H5,桃鈴ねね,&#129375;,momosuzunene,"https://i0.wp.com/image02.seesaawiki.jp/h/v/hololivetv/19UnaLMkUt.png?resize=18px,18px"
7194,獅白ぼたん,&#9804;&#65039;,shishirobotan,"https://i0.wp.com/image02.seesaawiki.jp/h/v/hololivetv/kMM4ixnA2y.png?resize=18px,18px"
w512,尾丸ポルカ,&#127914;,omarupolka,"https://i0.wp.com/image02.seesaawiki.jp/h/v/hololivetv/Pvr2IjBOT9.png?resize=18px,18px"
7w2F,アユンダ・リス,&#128063;,ayunda_risu,"https://i0.wp.com/image02.seesaawiki.jp/h/v/hololivetv/FSbw__ebr9.png?resize=18px,18px"
732v,ムーナ・ホシノヴァ,&#128302;,moonahoshinova,"https://i0.wp.com/image01.seesaawiki.jp/h/v/hololivetv/ZmS9_O78lz.png?resize=18px,18px"
POe7,アイラニ・イオフィフティーン,&#127912;,airaniiofifteen,"https://i0.wp.com/image01.seesaawiki.jp/h/v/hololivetv/iE75rZgl8W.png?resize=18px,18px"
tW0k,クレイジー・オリー,&#129503;,kureijiollie,"https://i0.wp.com/image01.seesaawiki.jp/h/v/hololivetv/nExKVUCLR8.png?resize=18px,18px"
ugQU,アーニャ・メルフィッサ,&#127810;,anyamelfissa,"https://i0.wp.com/image02.seesaawiki.jp/h/v/hololivetv/VThoXwiy8e.png?resize=18px,18px"
d27B,パヴォリア・レイネ,&#129434;,pavoliareine,"https://i0.wp.com/image01.seesaawiki.jp/h/v/hololivetv/DiXmgkUN8r.png?resize=18px,18px"
JA2l,森カリオペ,&#128128;,moricalliope,"https://i0.wp.com/image02.seesaawiki.jp/h/v/hololivetv/5KL7aLFCcU.png?resize=18px,18px"
w2q2,小鳥遊キアラ,&#128020;,takanashikiara,"https://i0.wp.com/image01.seesaawiki.jp/h/v/hololivetv/biaIxgbbI9.png?resize=18px,18px"
kRsk,一伊那尓栖,&#128025;,ninomaeinanis,"https://i0.wp.com/image01.seesaawiki.jp/h/v/hololivetv/tbCsUHpINQ.png?resize=18px,18px"
vrj2,がうる・ぐら,&#128305;,gawrgura,"https://i0.wp.com/image02.seesaawiki.jp/h/v/hololivetv/nzdUL3ZK4G.png?resize=18px,18px"
Z4lg,ワトソン・アメリア,&#128270;,watsonameliaen,"https://i0.wp.com/image01.seesaawiki.jp/h/v/hololivetv/KExE6EjETz.png?resize=18px,18px"
RQ9x,アイリス,&#128142;,irys_en,"https://i0.wp.com/image02.seesaawiki.jp/h/v/hololivetv/AcIm51Tn7y.png?resize=18px,18px"
TpTi,九十九佐命,&#129680;,tsukumosana,"https://i0.wp.com/image01.seesaawiki.jp/h/v/hololivetv/CUoNdvIH_d.png?resize=18px,18px"
In9B,セレス・ファウナ,&#127807;,ceresfauna,"https://i0.wp.com/image01.seesaawiki.jp/h/v/hololivetv/dTutgHWQ1d.png?resize=18px,18px"
0JVV,オーロ・クロニー,&#8987;,ourokronii,"https://i0.wp.com/image01.seesaawiki.jp/h/v/hololivetv/UFsY6Hp0pO.png?resize=18px,18px"
3JT0,七詩ムメイ,&#129718;,nanashimumei_en,"https://i0.wp.com/image02.seesaawiki.jp/h/v/hololivetv/EaGkTMyOzj.png?resize=18px,18px"
wTc5,ハコス・ベールズ,&#127922;,hakosbaelz,"https://i0.wp.com/image02.seesaawiki.jp/h/v/hololivetv/7GqRJceAF8.png?resize=18px,18px"
