X,Z,NAME,ICON,GROUP,URL
268,-218,ãƒ›ãƒ­ãƒã‚¦ã‚¹ï¼ˆå…±æœ‰ãƒã‚¦ã‚¹ï¼‰,normal,normal,https://seesaawiki.jp/hololivetv/d/%B6%A6%C6%B1%BB%DC%C0%DF%A1%DAMinecraft%A1%DB#holohouse
344,-346,ã—ã‘æ‘,normal,normal,https://seesaawiki.jp/hololivetv/d/%A4%B5%A4%AF%A4%E9%A4%DF%A4%B3%A1%DAMinecraft%A1%DB#shikemura
199,-254,ä»®æµ·è³Šèˆ¹ï¼ˆãƒãƒªãƒ³ã®å®¶ï¼‰,normal,normal,https://seesaawiki.jp/hololivetv/d/%CA%F5%BE%E2%A5%DE%A5%EA%A5%F3%A1%DAMinecraft%A1%DB#karikaizokusen
301,-251,ã‚ãã‚ã®æ—§å®…,normal,normal,https://seesaawiki.jp/hololivetv/d/%CC%AB%A4%A2%A4%AF%A4%A2%A1%DAMinecraft%A1%DB#minatoakuanoie
289,-254,ã‚·ã‚ªãƒ³ã®å®¶,normal,normal,https://seesaawiki.jp/hololivetv/d/%BB%E7%BA%E9%A5%B7%A5%AA%A5%F3%A1%DAMinecraft%A1%DB#shionhouse
291,-173,ä¸çŸ¥ç«ãƒ•ãƒ¬ã‚¢ä»®å±‹,normal,normal,https://seesaawiki.jp/hololivetv/d/%C9%D4%C3%CE%B2%D0%A5%D5%A5%EC%A5%A2%A1%DAMinecraft%A1%DB#flarekariya
274,-206,ã¿ã‚“ãªã®æ²ç¤ºæ¿,normal,normal,https://seesaawiki.jp/hololivetv/d/%C9%D4%C3%CE%B2%D0%A5%D5%A5%EC%A5%A2%A1%DAMinecraft%A1%DB#minnanokeijiban
243,-219,ã‚¨ãƒ³ãƒãƒ£ãƒ³ãƒˆã®é–“,normal,normal,https://seesaawiki.jp/hololivetv/d/%B6%A6%C6%B1%BB%DC%C0%DF%A1%DAMinecraft%A1%DB#enchantnoma
345,-257,ãƒã‚¨ãƒ«ã®ãƒ†ãƒ³ãƒˆ,normal,normal,https://seesaawiki.jp/hololivetv/d/%C7%F2%B6%E4%A5%CE%A5%A8%A5%EB%A1%DAMinecraft%A1%DB#NoelTent
221,-347,ãŠã‹ã‚†ã®å®¶,normal,normal,https://seesaawiki.jp/hololivetv/d/%C7%AD%CB%F4%A4%AA%A4%AB%A4%E6%A1%DAMinecraft%A1%DB#okayunoie
188,-284,ã‚‹ã—ã‚ã®æ—§å®…,normal,normal,https://seesaawiki.jp/hololivetv/d/%BD%E1%B1%A9%A4%EB%A4%B7%A4%A2%A1%DAMinecraft%A1%DB#rusianoie
463,-90,ãƒ­ãƒœå­ã•ã‚“ã®å±±é ‚æ‹ ç‚¹,normal,normal,https://seesaawiki.jp/hololivetv/d/%A5%ED%A5%DC%BB%D2%A4%B5%A4%F3%A1%DAMinecraft%A1%DB#sanchoukyoten
240,-196,ã¡ã‚‡ã“å…ˆç”Ÿã®åœ°ä¸‹å¸å›½å…¥å£,normal,normal,https://seesaawiki.jp/hololivetv/d/%CC%FE%B7%EE%A4%C1%A4%E7%A4%B3%A1%DAMinecraft%A1%DB#ChocoChikaTei
159,-182,ã¯ã‚ã¨ã®å®¶ï¼ˆè·¡åœ°ï¼‰,normal,normal,https://seesaawiki.jp/hololivetv/d/%C0%D6%B0%E6%A4%CF%A4%A2%A4%C8%A1%DAMinecraft%A1%DB#akaihaatonoie
283,-301,ã¾ã¤ã‚Šã®å®¶ï¼ˆã‚¢ã‚¯ã‚¢ãƒªã‚¦ãƒ ï¼‰,normal,normal,https://seesaawiki.jp/hololivetv/d/%B2%C6%BF%A7%A4%DE%A4%C4%A4%EA%A1%DAMinecraft%A1%DB#maturinoie
304,-174,ãºã“ã‚‰ã®æ—§å®…ï¼ˆè·¡åœ°ï¼‰,normal,normal,https://seesaawiki.jp/hololivetv/d/%C5%C6%C5%C4%A4%DA%A4%B3%A4%E9%A1%DAMinecraft%A1%DB#usadahouse
197,-216,ã¿ã“ã®å®¶,normal,normal,https://seesaawiki.jp/hololivetv/d/%A4%B5%A4%AF%A4%E9%A4%DF%A4%B3%A1%DAMinecraft%A1%DB#sakuramikonoie
450,-73,ãˆãƒ¼ã¡ã‚ƒã‚“ã®ã‚¤ãƒŒå°å±‹,normal,normal,https://seesaawiki.jp/hololivetv/d/%B6%A6%C6%B1%BB%DC%C0%DF%A1%DAMinecraft%A1%DB#inugoya
401,-93,èª¬æ•™éƒ¨å±‹ in å·¨å¤§ã‚­ãƒã‚³,normal,normal,https://seesaawiki.jp/hololivetv/d/%CD%A7%BF%CDA%28%A4%A8%A1%BC%A4%C1%A4%E3%A4%F3%29%A1%DAMinecraft%A1%DB#sekkyoubeya
394,-209,ãƒŸã‚ªãƒã‚¦ã‚¹,normal,normal,https://seesaawiki.jp/hololivetv/d/%C2%E7%BF%C0%A5%DF%A5%AA%A1%DAMinecraft%A1%DB#miohouse
362,-132,ã¨ãã®ãã‚‰å‹äººAä»®æ‹ ç‚¹,normal,normal,https://seesaawiki.jp/hololivetv/d/%B6%A6%C6%B1%BB%DC%C0%DF%A1%DAMinecraft%A1%DB#tokinosorayujinakarikyoten
292,-424,ã‚‹ã—ã‚é‚¸,normal,normal,https://seesaawiki.jp/hololivetv/d/%BD%E1%B1%A9%A4%EB%A4%B7%A4%A2%A1%DAMinecraft%A1%DB#rusiatei
439,-209,ã‚ã‚„ã‚ã®å®¶,normal,normal,https://seesaawiki.jp/hololivetv/d/%C9%B4%B5%B4%A4%A2%A4%E4%A4%E1%A1%DAMinecraft%A1%DB#nakiriayamenoie
246,-265,ã‚±ãƒ¼ã‚­ãƒˆãƒ©ãƒƒãƒ—ãƒã‚¦ã‚¹,normal,normal,https://seesaawiki.jp/hololivetv/d/%C5%C6%C5%C4%A4%DA%A4%B3%A4%E9%A1%DAMinecraft%A1%DB#caketraphouse
270,-217,ã‚­ãƒ³ã‚°ãƒ†ãƒ¬ã‚µ,normal,normal,https://seesaawiki.jp/hololivetv/d/%B6%A6%C6%B1%BB%DC%C0%DF%A1%DAMinecraft%A1%DB#kingboo
249,-386,ã™ã„ã›ã„ã®æ—§å®…,normal,normal,https://seesaawiki.jp/hololivetv/d/%C0%B1%B3%B9%A4%B9%A4%A4%A4%BB%A4%A4%A1%DAMinecraft%A1%DB#hoshimachisuiseinoie
334,-125,ãƒ©ã‚¤ãƒ–ã‚¹ãƒ†ãƒ¼ã‚¸,normal,normal,https://seesaawiki.jp/hololivetv/d/%CD%A7%BF%CDA%28%A4%A8%A1%BC%A4%C1%A4%E3%A4%F3%29%A1%DAMinecraft%A1%DB#livestage
212,-170,ãŠè“å­ã®å®¶,normal,normal,https://seesaawiki.jp/hololivetv/d/%A4%B5%A4%AF%A4%E9%A4%DF%A4%B3%A1%DAMinecraft%A1%DB#sweetshouse
161,-294,ãƒ„ãƒªãƒ¼ãƒã‚¦ã‚¹,normal,normal,https://seesaawiki.jp/hololivetv/d/%C0%D6%B0%E6%A4%CF%A4%A2%A4%C8%A1%DAMinecraft%A1%DB#treehouse
188,-177,å·¨å¤§ãƒ‘ãƒ³ãƒ—ã‚­ãƒ³,normal,normal,https://seesaawiki.jp/hololivetv/d/%C5%C6%C5%C4%A4%DA%A4%B3%A4%E9%A1%DAMinecraft%A1%DB#jumbopumpkin
293,-344,ç¥æ®¿ï¼ˆãƒã‚¶ãƒ¼ã‚²ãƒ¼ãƒˆï¼‰ãƒ»ç§˜æ¹¯,normal,normal,https://seesaawiki.jp/hololivetv/d/%B6%A6%C6%B1%BB%DC%C0%DF%A1%DAMinecraft%A1%DB#NetherGate
//231,-311,æ‚ªé­”ç¥“ã„ã®å¡”,nomal,normal,https://seesaawiki.jp/hololivetv/d/%C2%E7%B6%F5%A5%B9%A5%D0%A5%EB%A1%DAMinecraft%A1%DB#ExorcismTower
308,-268,ã‚¬ãƒ³ãƒ€ãƒ ,normal,normal,https://seesaawiki.jp/hololivetv/d/%CC%AB%A4%A2%A4%AF%A4%A2%A1%DAMinecraft%A1%DB#gundam
231,-311,å™´æ°´åºƒå ´,normal,normal,https://seesaawiki.jp/hololivetv/d/%B6%A6%C6%B1%BB%DC%C0%DF%A1%DAMinecraft%A1%DB#FountainSquare
239,-329,ã‚¾ãƒ³ãƒ“ãƒˆãƒ©ãƒƒãƒ—ã‚¿ãƒ¯ãƒ¼,normal,normal,https://seesaawiki.jp/hololivetv/d/%B6%A6%C6%B1%BB%DC%C0%DF%A1%DAMinecraft%A1%DB#ZombieTT
125,-277,å¤©ç©ºã®åŸã¯ã‚ã¡ã‚ƒã¾ï¼ˆç©ºä¸­ãƒã‚¦ã‚¹ï¼‰,normal,normal,https://seesaawiki.jp/hololivetv/d/%C0%D6%B0%E6%A4%CF%A4%A2%A4%C8%A1%DAMinecraft%A1%DB#skyhouse
326,-280,è‡ªå‹•åç©«ç•‘,normal,normal,https://seesaawiki.jp/hololivetv/d/%CC%AB%A4%A2%A4%AF%A4%A2%A1%DAMinecraft%A1%DB#AutoHarvester
266,-321,ã‚¯ãƒªã‚¹ãƒã‚¹ãƒ‘ãƒ¼ãƒ†ã‚£ãƒ¼ä¼šå ´,normal,normal,https://seesaawiki.jp/hololivetv/d/%B6%A6%C6%B1%BB%DC%C0%DF%A1%DAMinecraft%A1%DB#partyvenue
287,-330,ã‚¹ãƒãƒ¼ãƒ‰ãƒ¼ãƒ ,normal,normal,https://seesaawiki.jp/hololivetv/d/%B6%A6%C6%B1%BB%DC%C0%DF%A1%DAMinecraft%A1%DB#Snowglobe
518,-200,ãã‚‰ã¿ã“ã®å®¶,normal,normal,
520,-215,æˆ‘ãŒå­ãŸã¡ã®å°å±‹,normal,normal,
215,-240,ã¿ã“ã®é¤Šèœ‚å ´,normal,normal,https://seesaawiki.jp/hololivetv/d/%A4%B5%A4%AF%A4%E9%A4%DF%A4%B3%A1%DAMinecraft%A1%DB#youhoujou
268,-306,ã‚¤ãƒ«ãƒŸãƒãƒ¼ã‚·ãƒ§ãƒ³ï¼ˆæ°´ã®ãƒˆãƒ³ãƒãƒ«ï¼‰,normal,normal,https://seesaawiki.jp/hololivetv/d/%C5%C6%C5%C4%A4%DA%A4%B3%A4%E9%A1%DAMinecraft%A1%DB#illumination
310,-333,ãƒ­ãƒœå­ã•ã‚“ã®åœ°ä¸‹ç§˜å¯†åŸºåœ°,normal,normal,https://seesaawiki.jp/hololivetv/d/%A5%ED%A5%DC%BB%D2%A4%B5%A4%F3%A1%DAMinecraft%A1%DB#robobase
258,-310,ã‚»ã‚¤ãƒ³ãƒˆã‚µã‚¿ãƒ³ã—ã‹ã—ã‹ä¸¸,normal,normal,https://seesaawiki.jp/hololivetv/d/%A4%B5%A4%AF%A4%E9%A4%DF%A4%B3%A1%DAMinecraft%A1%DB#sikasikamaru
304,-291,æ°´ä¸­ã‚¯ãƒªã‚¹ãƒã‚¹ãƒ„ãƒªãƒ¼,normal,normal,https://seesaawiki.jp/hololivetv/d/%BB%E7%BA%E9%A5%B7%A5%AA%A5%F3%A1%DAMinecraft%A1%DB#aquariumtree
78,-453,ã‚¯ãƒªã‚¹ãƒã‚¹ãƒ—ãƒ¬ã‚¼ãƒ³ãƒˆãƒœãƒƒã‚¯ã‚¹,normal,normal,https://seesaawiki.jp/hololivetv/d/%CC%AB%A4%A2%A4%AF%A4%A2%A1%DAMinecraft%A1%DB#aquapresentbox
221,-331,ç‰¢å±‹,normal,normal,https://seesaawiki.jp/hololivetv/d/%C7%AD%CB%F4%A4%AA%A4%AB%A4%E6%A1%DAMinecraft%A1%DB#rouya
223,-331,ãƒ›ãƒ­ãƒ©ã‚¤ãƒ–ãƒ¬ã‚¸ã‚¹ã‚¿ãƒ³ã‚¹ãƒãƒ³ã‚·ãƒ§ãƒ³,normal,normal,https://seesaawiki.jp/hololivetv/d/%B6%A6%C6%B1%BB%DC%C0%DF%A1%DAMinecraft%A1%DB#resistancemansion
228,-61,ã•ãã‚‰ç¥ç¤¾,normal,normal,https://seesaawiki.jp/hololivetv/d/%A4%B5%A4%AF%A4%E9%A4%DF%A4%B3%A1%DAMinecraft%A1%DB#sakurajinja
200,-296,è³‡æºã‚µãƒ¼ãƒãƒ¼ãƒãƒ¼ã‚¿ãƒ«ï¼ˆè»Œé“ã‚¨ãƒ¬ãƒ™ãƒ¼ã‚¿ãƒ¼ï¼‰,normal,normal,https://seesaawiki.jp/hololivetv/d/%B6%A6%C6%B1%BB%DC%C0%DF%A1%DAMinecraft%A1%DB#ResourceWorldGate
188,-332,é¡é¤…,normal,normal,https://seesaawiki.jp/hololivetv/d/%B6%A6%C6%B1%BB%DC%C0%DF%A1%DAMinecraft%A1%DB#kagamimochi
305,-301,èœ‚é¤Šæˆå ´ã€ã‚ããƒ—ãƒ­ã€,normal,normal,https://seesaawiki.jp/hololivetv/d/%CC%AB%A4%A2%A4%AF%A4%A2%A1%DAMinecraft%A1%DB#aqupro
348,-233,ã‚«ãƒ•ã‚§é¢¨4æœŸç”Ÿãƒã‚¦ã‚¹,normal,normal,https://seesaawiki.jp/hololivetv/d/%B6%A6%C6%B1%BB%DC%C0%DF%A1%DAMinecraft%A1%DB#FourthGenHouse
475,-147,ã‚³ã‚³ã®æ—§å®…,normal,normal,https://seesaawiki.jp/hololivetv/d/%B6%CD%C0%B8%A5%B3%A5%B3%A1%DAMinecraft%A1%DB#cocohouse
462,-142,ã‹ãªãŸã®æ´‹å¼å»ºç¯‰,normal,normal,https://seesaawiki.jp/hololivetv/d/%C5%B7%B2%BB%A4%AB%A4%CA%A4%BF%A1%DAMinecraft%A1%DB#ppwc
238,-168,äººé–“ç ²å°,normal,normal,https://seesaawiki.jp/hololivetv/d/%A4%B5%A4%AF%A4%E9%A4%DF%A4%B3%A1%DAMinecraft%A1%DB#humanrocket
159,-144,å¸¸é—‡ãƒã‚¦ã‚¹,normal,normal,https://seesaawiki.jp/hololivetv/d/%BE%EF%B0%C7%A5%C8%A5%EF%A1%DAMinecraft%A1%DB#towahouse
407,-168,ã‚ˆã ã‚Œãƒã‚¦ã‚¹ï¼ˆã‚ãŸã‚ï¼‰,normal,normal,
351,-277,ãƒ«ãƒ¼ãƒŠã®ãƒ˜ãƒ¼ãƒ™ãƒ«ãƒã‚¦ã‚¹,normal,normal,https://seesaawiki.jp/hololivetv/d/%C9%B1%BF%B9%A5%EB%A1%BC%A5%CA%A1%DAMinecraft%A1%DB#lunahouse
308,-265,å¤©ç©ºã‚ãã‚ãƒ©ã‚¤ãƒ³,normal,normal,https://seesaawiki.jp/hololivetv/d/%CC%AB%A4%A2%A4%AF%A4%A2%A1%DAMinecraft%A1%DB#aqualine
165,-366,èŠ±ç•‘,normal,normal,https://seesaawiki.jp/hololivetv/d/%B2%C6%BF%A7%A4%DE%A4%C4%A4%EA%A1%DAMinecraft%A1%DB#flowergarden
165,-412,ã‚¢ãƒ’ãƒ©ãƒƒã‚¯è¦å¡,normal,normal,https://seesaawiki.jp/hololivetv/d/%C2%E7%B6%F5%A5%B9%A5%D0%A5%EB%A1%DAMinecraft%A1%DB#ahilacfortress
257,-354,hololiveï¼ˆãƒ”ã‚¯ã‚»ãƒ«ã‚¢ãƒ¼ãƒˆï¼‰,normal,normal,https://seesaawiki.jp/hololivetv/d/%A4%B5%A4%AF%A4%E9%A4%DF%A4%B3%A1%DAMinecraft%A1%DB#hologlowlight
258,-348,ãƒšãƒ³ãƒ©ã‚¤ãƒˆ,normal,normal,https://seesaawiki.jp/hololivetv/d/%A4%B5%A4%AF%A4%E9%A4%DF%A4%B3%A1%DAMinecraft%A1%DB#hologlowlight
440,-169,ç¾Šç›£è¦–å¡”,normal,normal,https://seesaawiki.jp/hololivetv/d/%C0%D6%B0%E6%A4%CF%A4%A2%A4%C8%A1%DAMinecraft%A1%DB#stalkingtower
465,-174,ç©ºä¸­æ•™ä¼š,normal,normal,https://seesaawiki.jp/hololivetv/d/%C0%D6%B0%E6%A4%CF%A4%A2%A4%C8%A1%DAMinecraft%A1%DB#SkyChurch
390,-168,ã‚ˆã ã‚Œãƒã‚¦ã‚¹ï¼ˆã¯ã‚ã¨ï¼‰,normal,normal,
270,-389,ãƒã‚°ãƒãƒ€ã‚¤ãƒ–ãƒãƒ£ãƒ¬ãƒ³ã‚¸,normal,normal,https://seesaawiki.jp/hololivetv/d/%A5%ED%A5%DC%BB%D2%A4%B5%A4%F3%A1%DAMinecraft%A1%DB#robobase
230,-288,ãƒ­ãƒœå­ã®ãŠè“å­å±‹,normal,normal,https://seesaawiki.jp/hololivetv/d/%A5%ED%A5%DC%BB%D2%A4%B5%A4%F3%A1%DAMinecraft%A1%DB#RoboSweetShop
462,-194,ã‚ˆã ã‚Œãƒã‚¦ã‚¹ï¼ˆãƒ•ãƒ¬ã‚¢ï¼‰,normal,normal,
490,-194,ã‚ˆã ã‚Œãƒã‚¦ã‚¹ï¼ˆãƒã‚¨ãƒ«ï¼‰,normal,normal,
513,-456,LOVE HOUSE,normal,normal,https://seesaawiki.jp/hololivetv/d/%B6%A6%C6%B1%BB%DC%C0%DF%A1%DAMinecraft%A1%DB#lovehouse
123,-136,ãƒˆãƒ¯ã®å®¶ï¼ˆæ–°ï¼‰,normal,normal,https://seesaawiki.jp/hololivetv/d/%BE%EF%B0%C7%A5%C8%A5%EF%A1%DAMinecraft%A1%DB#Towa2ndHouse
494,-239,ã‚ˆã ã‚Œãƒã‚¦ã‚¹ï¼ˆã¿ã“ï¼‰,normal,normal,
111,-653,ãã‚‰ãƒã‚¦ãƒ³ãƒ†ãƒ³ï¼ˆè·¡åœ°ï¼‰,normal,normal,https://seesaawiki.jp/hololivetv/d/%C5%C6%C5%C4%A4%DA%A4%B3%A4%E9%A1%DAMinecraft%A1%DB#SoraMt
296,-364,ã¯ã‚ã¡ã‚ƒã¾è¦³è¦§è»Š,normal,normal,
-142,-722,ã‚¹ãƒãƒ«ã®å®¶ï¼ˆã‚¹ãƒãƒ«ãƒ‰ãƒ€ãƒƒã‚¯ï¼‰,normal,normal,
423,-138,è‡ªå‹•ç¾Šæ¯›åç©«è£…ç½®,normal,normal,
489,-217,ã‚ˆã ã‚Œãƒã‚¦ã‚¹ï¼ˆãºã“ã‚‰ï¼‰,normal,normal,
126,-87,å¸¸é—‡ã‚¦ã‚©ãƒ¼ã‚¿ãƒ¼ãƒ‘ãƒ¼ã‚¯,normal,normal,https://seesaawiki.jp/hololivetv/d/%BE%EF%B0%C7%A5%C8%A5%EF%A1%DAMinecraft%A1%DB#tokoyamiwaterpark
75,-363,ã‚ãã‚ãƒãƒªãƒ³ï¼ˆã‚·ã‚ªãƒ³ï¼‰å·,normal,normal,https://seesaawiki.jp/hololivetv/d/%B6%A6%C6%B1%BB%DC%C0%DF%A1%DAMinecraft%A1%DB#ShipAquaMarine
106,-392,åˆƒç‰™ãƒã‚¦ã‚¹,normal,normal,https://seesaawiki.jp/hololivetv/d/%CC%AB%A4%A2%A4%AF%A4%A2%A1%DAMinecraft%A1%DB#aquaBakiHouse
235,-180,ã‚ã‚‹ã®ã™ã”ã„ãŠã†ã¡,normal,normal,https://seesaawiki.jp/hololivetv/d/%CC%EB%B6%F5%A5%E1%A5%EB%A1%DAMinecraft%A1%DB#Mel1stHouse
192,-105,ã‚ã‚“ã½ã‚“ãŸã‚“ãƒã‚¦ã‚¹,normal,normal,https://seesaawiki.jp/hololivetv/d/%B6%A6%C6%B1%BB%DC%C0%DF%A1%DAMinecraft%A1%DB#anpontanHouse
-71,-734,ãƒšãƒ³ã‚®ãƒ³ãƒã‚¦ã‚¹ã€ãƒ‰ãƒ³ãƒ»ã‚´ã‚¯ãƒ¼ãƒ©ã€,normal,normal,https://seesaawiki.jp/hololivetv/d/%C5%C6%C5%C4%A4%DA%A4%B3%A4%E9%A1%DAMinecraft%A1%DB#DonGokura
260,-372,å‹‡è€…ã®é–“,normal,normal,
201,-80,ãƒ«ãƒ¼ãƒŠåº­åœ’ï¼ˆã‚ã‚“ã½ã‚“ãŸã‚“æ‹ ç‚¹ï¼‰,normal,normal,
-88,-728,ã‚¹ãƒ©ã‚¤ãƒ ãƒˆãƒ©ãƒƒãƒ—,normal,normal,https://seesaawiki.jp/hololivetv/d/%C5%C6%C5%C4%A4%DA%A4%B3%A4%E9%A1%DAMinecraft%A1%DB#SlimeTrap
638,-117,ã‚·ã‚ªãƒ³ã®æ–°å±…ï¼ˆæ°·ã®åŸï¼‰,normal,normal,https://seesaawiki.jp/hololivetv/d/%BB%E7%BA%E9%A5%B7%A5%AA%A5%F3%A1%DAMinecraft%A1%DB#Shion2ndHouse
223,-502,ãƒ©ãƒŸã‚£ã®æ£®,normal,normal,
177,-517,ã­ã½ã‚‰ã¼ãƒ“ãƒ«,normal,normal,https://seesaawiki.jp/hololivetv/d/%B6%A6%C6%B1%BB%DC%C0%DF%A1%DAMinecraft%A1%DB#FifthGenBuilding
197,-406,ãƒãƒ«ã‚«ã‚¹ãƒˆãƒªãƒ¼ãƒˆ,normal,normal,
44,-563,ã‚¢ã‚¤ã‚¢ãƒ³ã‚´ãƒ¼ãƒ¬ãƒ ãƒˆãƒ©ãƒƒãƒ—,normal,normal,https://seesaawiki.jp/hololivetv/d/%C5%C6%C5%C4%A4%DA%A4%B3%A4%E9%A1%DAMinecraft%A1%DB#GolemTrapPekora
322,-407,ã‚‹ã—ã‚ã®é¤Šèœ‚å ´,normal,normal,
-11,-725,å¤§ç©ºå»ºç¯‰æ—§äº‹å‹™æ‰€,normal,normal,
382,-303,å ã„ã®é¤¨ï¼ˆã¡ãã‚ã¶ã‚¿ãƒ¯ãƒ¼ï¼‰,normal,normal,https://seesaawiki.jp/hololivetv/d/%C2%E7%BF%C0%A5%DF%A5%AA%A1%DAMinecraft%A1%DB#MioTower
204,-63,ãƒ«ãƒ¼ãƒŠã®åœ°ä¸‹å®¤,normal,normal,
136,-441,ãƒ†ãƒˆãƒªã‚¹ãƒ¢ãƒ‹ãƒ¥ãƒ¡ãƒ³ãƒˆï¼ˆãƒˆãƒªãƒ—ãƒ«ãƒ€ã‚¬ãƒ¼ï¼‰,normal,normal,
78,-641,é‡‘ãƒˆãƒ©ãƒƒãƒ—ã€ç¾…ç”Ÿé–€ã€,normal,normal,https://seesaawiki.jp/hololivetv/d/%C5%C6%C5%C4%A4%DA%A4%B3%A4%E9%A1%DAMinecraft%A1%DB#Rashomon
39,-536,ãºã“ãƒ€ãƒ ,normal,normal,https://seesaawiki.jp/hololivetv/d/%C5%C6%C5%C4%A4%DA%A4%B3%A4%E9%A1%DAMinecraft%A1%DB#Pekodam
236,-452,ã‚¢ã‚¤ã‚¹ã‚¯ãƒªãƒ¼ãƒ å±‹,normal,normal,https://seesaawiki.jp/hololivetv/d/%B6%A6%C6%B1%BB%DC%C0%DF%A1%DAMinecraft%A1%DB#TakoyakiIcecreamShop
246,-451,ãŸã“ç„¼ãå±‹,normal,normal,https://seesaawiki.jp/hololivetv/d/%B6%A6%C6%B1%BB%DC%C0%DF%A1%DAMinecraft%A1%DB#TakoyakiIcecreamShop
646,-132,ã“ã‚ã­ã®æ–°å±…,normal,normal,https://seesaawiki.jp/hololivetv/d/%D8%FC%BF%C0%A4%B3%A4%ED%A4%CD%A1%DAMinecraft%A1%DB#KoroneHotel
289,-494,ãƒ•ãƒ¬ã‚¢é‚¸,normal,normal,https://seesaawiki.jp/hololivetv/d/%C9%D4%C3%CE%B2%D0%A5%D5%A5%EC%A5%A2%A1%DAMinecraft%A1%DB#FlareMansion
272,-190,ãƒ•ãƒ¬ã‚¢ã®ã‚¬ãƒãƒ£å±‹å°,normal,normal,
187,-149,PPTæ©‹,normal,normal,
229,-638,ã‚±ãƒ¼ã‚­ãƒˆãƒ©ãƒƒãƒ—ãƒã‚¦ã‚¹,normal,normal,
89,-511,ã€ç¬¬3ã®ãƒ€ãƒ³ã‚¸ãƒ§ãƒ³ The sorrowã€,normal,normal,https://seesaawiki.jp/hololivetv/d/%C5%C6%C5%C4%A4%DA%A4%B3%A4%E9%A1%DAMinecraft%A1%DB#thesorrow
556,-200,ã‚ã‚“è‚ãƒã‚¦ã‚¹ï¼ˆãã‚‰ã®å®¶ï¼‰,normal,normal,
304,-387,ã‚‹ã—ã‚ã®ç›£ç¦æ–½è¨­ï¼ˆãµãã‚“ãŠã£ã¨ï¼‰,normal,normal,
134,-420,ãƒãƒ­ã‚¦ã‚£ãƒ³ã‚³ãƒ¼ã‚¹ã‚¿ãƒ¼,normal,normal,https://seesaawiki.jp/hololivetv/d/%CC%AB%A4%A2%A4%AF%A4%A2%A1%DAMinecraft%A1%DB#aquaHalloweenCoaster
154,-87,æœˆã®é¤¨,normal,normal,https://seesaawiki.jp/hololivetv/d/%B6%A6%C6%B1%BB%DC%C0%DF%A1%DAMinecraft%A1%DB#tsukinoyakata
208,-38,ãƒ­ãƒœå­ã®é¤Šèœ‚å ´,normal,normal,
67,-506,â˜…5å…ç”°ãƒ›ãƒ†ãƒ«,normal,normal,https://seesaawiki.jp/hololivetv/d/%B6%A6%C6%B1%BB%DC%C0%DF%A1%DAMinecraft%A1%DB#5starUsadaHotel
136,-394,èˆ¹é•·ã®æœ¬å±‹,normal,normal,https://seesaawiki.jp/hololivetv/d/%B6%A6%C6%B1%BB%DC%C0%DF%A1%DAMinecraft%A1%DB#MarineBookstore
360,-526,ç©ºä¸­ç‰›ä¸¼,normal,normal,https://seesaawiki.jp/hololivetv/d/%C7%F2%B6%E4%A5%CE%A5%A8%A5%EB%A1%DAMinecraft%A1%DB#AerialGyudon
62,-415,æ—§AKUKINå»ºè¨­æœ¬ç¤¾,normal,normal,https://seesaawiki.jp/hololivetv/d/%CC%AB%A4%A2%A4%AF%A4%A2%A1%DAMinecraft%A1%DB#formerAkukinHQ
198,-655,è„±è¡£æ‰€ï¼†ãƒˆãƒ©ãƒƒãƒ—ï¼ˆã‚¹ãƒæ¸©æ³‰ï¼‰,normal,normal,
124,-552,ãºã“ã‚‰ãƒã‚¦ã‚¹,normal,normal,https://seesaawiki.jp/hololivetv/d/%C5%C6%C5%C4%A4%DA%A4%B3%A4%E9%A1%DAMinecraft%A1%DB#PekoraHouse
250,-491,å™´æ°´,normal,normal,
220,-265,ã‚¨ãƒ¬ãƒ™ãƒ¼ã‚¿ãƒ¼ãƒˆãƒ©ãƒƒãƒ—,normal,normal,
93,-418,ãƒãƒ¼ã‚·ãƒ§ãƒ³è‡ªè²©æ©Ÿ,normal,normal,https://seesaawiki.jp/hololivetv/d/%CC%AB%A4%A2%A4%AF%A4%A2%A1%DAMinecraft%A1%DB#aquapotion
647,-114,ãŠã‹ã‚†ã®éƒ¨å±‹,normal,normal,https://seesaawiki.jp/hololivetv/d/%C7%AD%CB%F4%A4%AA%A4%AB%A4%E6%A1%DAMinecraft%A1%DB#okayuroom
473,-527,éººå±‹ã¼ãŸã‚“ ä¼šå ´å‰åº—ï¼ˆ2å·åº—ï¼‰,normal,normal,https://seesaawiki.jp/hololivetv/d/%BB%E2%C7%F2%A4%DC%A4%BF%A4%F3%A1%DAMinecraft%A1%DB#MenyaBotan2nd
11,-599,ã‚·ãƒ¥ãƒãƒ³ã‚²ãƒªã‚ªãƒ³,normal,normal,
259,-420,ãµã‚Œã‚ã„å…¬åœ’,normal,normal,https://seesaawiki.jp/hololivetv/d/%C9%D4%C3%CE%B2%D0%A5%D5%A5%EC%A5%A2%A1%DAMinecraft%A1%DB#FlarePark
88,-480,å…ç”°ãƒˆãƒ¬ãƒ¼ãƒ‰ã‚»ãƒ³ã‚¿ãƒ¼,normal,normal,https://seesaawiki.jp/hololivetv/d/%C5%C6%C5%C4%A4%DA%A4%B3%A4%E9%A1%DAMinecraft%A1%DB#UsadaTradeCenter
38,-514,ã¿ã“ãƒãƒ£ã‚¢,normal,normal,
447,-527,ã‚ãŸã‚å¯¿å¸ éººå±‹ã¼ãŸã‚“å‰åº—ï¼ˆ1å·åº—ï¼‰,normal,normal,
237,-347,AKUKINã‚¹ãƒ†ãƒ¼ã‚·ãƒ§ãƒ³,normal,normal,https://seesaawiki.jp/hololivetv/d/%CC%AB%A4%A2%A4%AF%A4%A2%A1%DAMinecraft%A1%DB#AquaStation
-17,-584,ã‚­ãƒ³ã‚°ãƒ»ã‚ªãƒ–ãƒ»ãƒãƒ¼ãƒãƒ£ãƒ,normal,normal,
223,-298,ç„¼ãèŠ‹å±‹ãƒˆãƒ©ãƒƒã‚¯,normal,normal,
-423,-763,ã‚ãã‚åœ°ä¸‹å¸å›½,normal,normal,
466,-623,ãƒ›ãƒ­ãƒ©ã‚¤ãƒ–é‹å‹•ä¼šä¼šå ´,normal,normal,https://seesaawiki.jp/hololivetv/d/%B6%A6%C6%B1%BB%DC%C0%DF%A1%DAMinecraft%A1%DB#AthleticFestivalSite
182,-542,ã—ã—ã‚ãƒ•ãƒ¼ã‚ºç¤¾å“¡å¯®,normal,normal,https://seesaawiki.jp/hololivetv/d/%BB%E2%C7%F2%A4%DC%A4%BF%A4%F3%A1%DAMinecraft%A1%DB#ShishiroFoodsDormitory
11,-409,ã‚³ã‚³ã®å®¶,normal,normal,https://seesaawiki.jp/hololivetv/d/%B6%CD%C0%B8%A5%B3%A5%B3%A1%DAMinecraft%A1%DB#Coco2ndhouse
95,-433,ç„¼ãé³¥å·¥æˆ¿,normal,normal,https://seesaawiki.jp/hololivetv/d/%CC%AB%A4%A2%A4%AF%A4%A2%A1%DAMinecraft%A1%DB#AquaAutoGrilledchicken
194,-594,ã‚¹ãƒŠã‚¤ãƒ‘ãƒ¼ã¼ãŸã‚“ãã™,normal,normal,https://seesaawiki.jp/hololivetv/d/%BB%E2%C7%F2%A4%DC%A4%BF%A4%F3%A1%DAMinecraft%A1%DB#sniperbotanx
128,-522,å…ç”°å»ºè¨­äº‹å‹™æ‰€,normal,normal,https://seesaawiki.jp/hololivetv/d/%B6%A6%C6%B1%BB%DC%C0%DF%A1%DAMinecraft%A1%DB#UsakenHQ
87,-595,ãƒãƒ«ã‚«ã‚µãƒ¼ã‚«ã‚¹ãƒ†ãƒ³ãƒˆ,normal,normal,
11,-632,è‡ªå‹•ç‚­ç„¼ãæ©Ÿã€ç‚­æ²»éƒã€,normal,normal,
530,532,ãƒ‰ãƒ©ã‚¦ãƒ³ãƒ‰ãƒˆãƒ©ãƒƒãƒ—ã‚¿ãƒ¯ãƒ¼,normal,normal,https://seesaawiki.jp/hololivetv/d/%C5%B7%B2%BB%A4%AB%A4%CA%A4%BF%A1%DAMinecraft%A1%DB#DrownedTrap
240,-701,ã‚¯ãƒªã‚¹ãƒã‚¹ãƒ„ãƒªãƒ¼,normal,normal,
197,-487,ã¾ãŒã¾ãŒãƒã‚¦ã‚¹,normal,normal,https://seesaawiki.jp/hololivetv/d/%B6%A6%C6%B1%BB%DC%C0%DF%A1%DAMinecraft%A1%DB#MagamagaHouse
163,-446,ã‚ãŸã‚ã®ãŠè“å­ã®å®¶,normal,normal,
173,-487,ãƒ©ãƒŸã‚£ã®ã‚±ãƒ¼ã‚­å±‹,normal,normal,
472,-264,ãƒ¡ãƒ«ã®æ–°ã—ã„ãŠå®¶,normal,normal,https://seesaawiki.jp/hololivetv/d/%CC%EB%B6%F5%A5%E1%A5%EB%A1%DAMinecraft%A1%DB#Mel2ndHouse
305,-535,è‰¯ã„å­ã®è¾²å ´,normal,normal,
8,-361,ã‚¢ã‚¤ã‚¢ãƒ³ã‚´ãƒ¼ãƒ¬ãƒ ãƒˆãƒ©ãƒƒãƒ—,normal,normal,https://seesaawiki.jp/hololivetv/d/%C5%B7%B2%BB%A4%AB%A4%CA%A4%BF%A1%DAMinecraft%A1%DB#GolemTrapKanata
101,-250,éººå±‹ã¼ãŸã‚“ ã‚¯ãƒ¬ã‚¤ã‚¸ãƒ¼åº—,normal,normal,https://seesaawiki.jp/hololivetv/d/%BB%E2%C7%F2%A4%DC%A4%BF%A4%F3%A1%DAMinecraft%A1%DB#MenyaBotan3rd
-272,-536,AKUKINå»ºè¨­æœ¬ç¤¾,normal,normal,https://seesaawiki.jp/hololivetv/d/%B6%A6%C6%B1%BB%DC%C0%DF%A1%DAMinecraft%A1%DB#AKUKINkenHQ
-58,-606,å¤§ç©ºå»ºç¯‰ã‚ªãƒ•ã‚£ã‚¹,normal,normal,
633,-236,ã¤ã®ã¾ãã˜ã‚ƒã‚“ã‘ã‚“æ–½è¨­,normal,normal,
303,-334,ã‚ãƒ¼ã¼è£½è–¬,normal,normal,https://seesaawiki.jp/hololivetv/d/%A5%ED%A5%DC%BB%D2%A4%B5%A4%F3%A1%DAMinecraft%A1%DB#RoboDrugShop
369,-555,ãƒã‚¨ãƒ«ã®å’Œé¢¨å®¶å±‹,normal,normal,https://seesaawiki.jp/hololivetv/d/%C7%F2%B6%E4%A5%CE%A5%A8%A5%EB%A1%DAMinecraft%A1%DB#NoelJpStyleHouse
-66,-364,ã‹ãªãŸåŸ,normal,normal,https://seesaawiki.jp/hololivetv/d/%C5%B7%B2%BB%A4%AB%A4%CA%A4%BF%A1%DAMinecraft%A1%DB#KanataCastle
369,-522,ãƒã‚¨ãƒ«ã®ç‰›ä¸¼å±‹,normal,normal,https://seesaawiki.jp/hololivetv/d/%C7%F2%B6%E4%A5%CE%A5%A8%A5%EB%A1%DAMinecraft%A1%DB#GyudonShop
-2,-638,ãƒ›ã‚½ã‚¤ãƒŒè¦³è¦§è»Š,normal,normal,https://seesaawiki.jp/hololivetv/d/%B6%A6%C6%B1%BB%DC%C0%DF%A1%DAMinecraft%A1%DB#HosoinuFerriswheel
244,-639,ã‚µãƒˆã‚¦ã‚­ãƒ“è‡ªå‹•åç©«æ©Ÿ,normal,normal,https://seesaawiki.jp/hololivetv/d/%BD%E1%B1%A9%A4%EB%A4%B7%A4%A2%A1%DAMinecraft%A1%DB#content_2_3
//256,-142,ç‚ã®çŸ¢é›¨è£…ç½®,nomal,normal,https://seesaawiki.jp/hololivetv/d/%C5%C6%C5%C4%A4%DA%A4%B3%A4%E9%A1%DAMinecraft%A1%DB#FireArrowCatapult
467,-769,ãƒãƒ™ã¡ã‚ƒã¾ã®å¡”,normal,normal,
206,-513,éººå±‹ã¼ãŸã‚“çœ‹æ¿,normal,normal,
610,-212,é»’ã„ç¾Š,normal,normal,https://seesaawiki.jp/hololivetv/d/%B6%A6%C6%B1%BB%DC%C0%DF%A1%DAMinecraft%A1%DB#Blacksheep
75,-712,ã™ã„ã›ã„ã®å®¶ï¼ˆæ–°å±…ï¼‰,normal,normal,
579,-458,ãƒã‚°ç‰§å ´,normal,normal,https://seesaawiki.jp/hololivetv/d/%B2%C6%BF%A7%A4%DE%A4%C4%A4%EA%A1%DAMinecraft%A1%DB#bugcattlefarm
221,-560,ã—ã—ã‚ãƒ•ãƒ¼ã‚ºç¤¾å“¡å¯®ã€ã‚¸ãƒ³ã‚®ã‚¹é¤¨ã€,normal,normal,https://seesaawiki.jp/hololivetv/d/%BB%E2%C7%F2%A4%DC%A4%BF%A4%F3%A1%DAMinecraft%A1%DB#GenghisKan
548,-169,ã‚·ãƒã‚¨ãƒŠã‚¬ãƒã‚¦ã‚¹ã€ã‚ãšãã‚“ã¡ã€,normal,normal,
-23,-544,ãºã“ã‚‰ã‚“ã©,normal,normal,https://seesaawiki.jp/hololivetv/d/%C5%C6%C5%C4%A4%DA%A4%B3%A4%E9%A1%DA%A4%DA%A4%B3%A4%E9%A4%F3%A4%C9%A1%DB#PekolandMinecraft
-31,-708,ã‚‹ã—ã‚ã®ç„¼ãé³¥å±‹,normal,normal,
-26,-560,è¿«ã‚‹å£,normal,normal,
-29,-699,å…å‹ãƒˆãƒ©ãƒƒãƒ—ãƒã‚¦ã‚¹,normal,normal,
53,-619,è‡ªå‹•ãƒ‹ãƒ³ã‚¸ãƒ³ç•‘,normal,normal,
266,-339,ãƒ›ãƒ­JPã‚µãƒ¼ãƒãƒ¼ãƒãƒƒãƒ—,normal,normal,
149,-486,ãƒ©ãƒŸã‚£ã®ãŠèŠ±å±‹ã•ã‚“,normal,normal,
32,-373,ãƒ©ãƒŸã‚£ã®é‡£ã‚Šå ´,normal,normal,
563,-278,ã‚ˆã ã‚Œãƒã‚¦ã‚¹ï¼ˆãƒˆãƒ¯ï¼‰,normal,normal,
584,-278,æ–°ã‚ˆã ã‚Œãƒã‚¦ã‚¹ï¼ˆã‚ãŸã‚ï¼‰,normal,normal,
605,-275,ã‚ˆã ã‚Œãƒã‚¦ã‚¹ï¼ˆã‚³ã‚³ï¼‰,normal,normal,
626,-279,ã‚ˆã ã‚Œãƒã‚¦ã‚¹ï¼ˆã‹ãªãŸï¼‰,normal,normal,
647,-277,ã‚ˆã ã‚Œãƒã‚¦ã‚¹ï¼ˆãƒ«ãƒ¼ãƒŠï¼‰,normal,normal,
77,-40,ã†ã•å»ºå¤ç¥­ã‚Šä¼šå ´,normal,normal,https://seesaawiki.jp/hololivetv/d/%B6%A6%C6%B1%BB%DC%C0%DF%A1%DAMinecraft%A1%DB#UsakenSummerFestival
590,-189,å…‰ã®å¤§æ¨¹ï¼ˆãã‚‰ã®ãƒ„ãƒªãƒ¼ãƒã‚¦ã‚¹ï¼‰,normal,normal,https://seesaawiki.jp/hololivetv/d/%A4%C8%A4%AD%A4%CE%A4%BD%A4%E9%A1%DAMinecraft%A1%DB
53,-576,ã‚­ã‚¢ãƒ©ã®ãŠã†ã¡,normal,normal,
203,-461,ãƒ©ãƒŸã‚£ã®å®šé£Ÿå±‹,normal,normal,
31,-342,ã‚¦ãƒ¼ãƒ‘ãƒ¼ãƒ«ãƒ¼ãƒ‘ãƒ¼ãƒã‚¦ã‚¹,normal,normal,
217,-850,ç§ç«‹ãƒ›ãƒ­ãƒ©ã‚¤ãƒ–å­¦åœ’,normal,normal,
627,-205,ãã‚‰ãƒˆãƒ¬ã‚¤ãƒ³é§…èˆ,normal,normal,
346,-538,ãƒ‰ãƒ©ã‚´ãƒ³ã‚µã‚¤ã‚ºã®ãƒˆã‚¤ãƒ¬ï¼ˆãƒ—ãƒ­ãƒˆã‚¿ã‚¤ãƒ—ï¼‰,normal,normal,
190,-271,ãƒãƒ«ã‚«ã®éš ã‚Œå®¶,normal,normal,
264,-836,ãƒãƒ«ã‚«ã®é§„è“å­å±‹,normal,normal,
244,-2,ãƒ‰ã‚¯ãƒ­ãƒã‚¦ã‚¹,normal,normal,
-4590,-729,ã¿ã“ã®æ£®ã®æ´‹é¤¨,normal,normal,
249,-288,çŒ«ã‚«ãƒ•ã‚§ï¼ˆæœªå®Œæˆï¼‰,normal,normal,
-4760,-870,èµ¤äº•ãƒ›ãƒ†ãƒ«,normal,normal,
-4800,-870,ãƒ›ãƒ­ã‚¹ãƒ†ãƒ¼ã‚·ãƒ§ãƒ³,normal,normal,
-2703,1309,TNTã‚­ãƒ£ãƒãƒ³,normal,normal,
1495,-1030,ã‚¨ãƒ³ãƒ‰ãƒãƒ¼ã‚¿ãƒ«ã®éƒ¨å±‹,normal,normal,
157,-126,ã‹ãªãŸã®æ—§å®…,normal,normal,
83,-622,ãƒ›ãƒ­é¯–éºç”£ç®¡ç†äº‹å‹™å±€,normal,normal,
95,-197,ãƒ ãƒ¼ãƒŠã‚¤ã‚ªãƒ•ã‚£ã®æ‹ ç‚¹,normal,normal,
//67,-204,ãƒ¢ãƒŠã‚¹å¡”ï¼ˆæ’¤å»æ¸ˆï¼‰,nomal,normal,
103,-170,5â˜…ç´å±‹,normal,normal,
90,-132,é€†ã•ã¾ãƒã‚¦ã‚¹ï¼ˆãƒªã‚¹ã®å®¶ï¼‰,normal,normal,
132,-373,ãƒãƒªãƒ³ã®é…’å ´ï¼ˆæœªå®Œæˆï¼‰,normal,normal,
62,-227,ã‚‹ã—ã‚ã®ã‚±ãƒ¼ã‚­å±‹,normal,normal,
698,-265,ã™ã„ã›ã„é¿é›£å°å±‹,normal,normal,
144,-216,ãƒãƒ­ãƒ­ï¼ˆãƒšãƒ³ã‚®ãƒ³ï¼‰,normal,normal,
87,-226,ã‚¤ã‚ªãƒ•ã‚£ã®ãƒ—ãƒ¬ã‚¤ãƒ«ãƒ¼ãƒ ,normal,normal,
51,-219,UFO,normal,normal,
335,-74,æ¡œã®å¤§æ¨¹,normal,normal,
636,-352,ENçµ„TNTãƒ¢ãƒ‹ãƒ¥ãƒ¡ãƒ³ãƒˆã€Aã€,normal,normal,
68,-134,ãƒã‚§ã‚¹ãƒˆãƒã‚¦ã‚¹ï¼†ã“ã‚ã­åƒ,normal,normal,
89,-564,äººé–“å·¥å ´,normal,normal,
330,-431,ã‚‹ã—ã‚ã®æ‘äººã‚¾ãƒ³ãƒ“å°å±‹ï¼ˆDIOï¼‰,normal,normal,
278,-349,ã¯ã‚ã¨ã®æ‹ ç‚¹,normal,normal,
304,-196,ã‚¿ã‚³ãƒ€ãƒï¼ˆãƒ”ã‚¯ã‚»ãƒ«ã‚¢ãƒ¼ãƒˆï¼‰,normal,normal,
99,-237,ã‚ªãƒªãƒ¼ã®å¢“ï¼ˆæ‹ ç‚¹å…¥å£ï¼‰,normal,normal,
213,-427,ãƒãƒ«ã‚«ã®é…’å ´,normal,normal,
-25,-616,ã‚¹ãƒãƒ«ã®ç·´ç¿’å»ºç¯‰ç‰©,normal,normal,
-231,-544,ã‚¿ãƒ©ã‚¬ãƒãƒ£,normal,normal,
-20,-274,ã‚¯ãƒ¬ã‚¤ã‚¸ãƒ¼å»ºè¨­äº‹å‹™æ‰€,normal,normal,
59,-273,æ–°ãƒ¢ãƒŠã‚¹å¡”ï¼ˆã‚¤ãƒ³ãƒ‰ãƒã‚·ã‚¢è¨˜å¿µç¢‘ï¼‰,normal,normal,
3,-189,ãƒ ãƒ¼ãƒŠã®ãƒ ãƒ¼ãƒ³ã‚¿ãƒ¯ãƒ¼,normal,normal,
50,-139,stoneigiriï¼ˆãŠã«ãã‚Šãƒã‚¦ã‚¹ï¼‰,normal,normal,
-3,-232,ãƒ›ãƒ­IDãƒ¢ãƒ¼ãƒ«,normal,normal,
285,-571,ã­ã­ã®ãŠåŸ,normal,normal,
532,-378,HolyRadianè¿·è·¯,normal,normal,
43,-217,ãƒ›ãƒ­JPé¯–ãƒãƒƒãƒ—ï¼ˆIDï¼‰,normal,normal,
17,-313,ãƒ¬ã‚¤ãƒã®é‡£ã‚Šå°å±‹,normal,normal,
-49,-691,éººå±‹ã¼ãŸã‚“çœ‹æ¿,normal,normal,
606,-494,ã¾ã¤ã‚Šã®ãƒ ãƒ¼ãƒ³ãƒã‚¦ã‚¹,normal,normal,
-38,-311,é³¥å±±,normal,normal,
41,-83,ä¼šé•·ã®ã—ã£ã½ãƒã‚¦ã‚¹,normal,normal,
568,-500,å·¨å¤§æ–°å‹Switch,normal,normal,
697,-192,ä½œæˆ¦Sç¾å ´,normal,normal,
302,-448,ãºã“ã‚‰ãƒ»ã‚‹ã—ã‚ã®2å‘¨å¹´è¨˜å¿µãƒã‚¦ã‚¹,normal,normal,
133,-481,ã†ã•ãå°å±‹,normal,normal,
-3,-386,é¤Šèœ‚æ‰€,normal,normal,
-3,-379,ç„¡é™ãƒã‚°ãƒè£½é€ æ©Ÿ,normal,normal,
518,-262,ã‚ˆã ã‚Œãƒã‚¦ã‚¹ï¼ˆãã‚‰ï¼†ã‚ã‚“è‚ï¼‰,normal,normal,
262,-134,éŠ…ã®éšæ®µ,normal,normal,
44,155,ã‚‹ã—ã‚ã®ç›£ç¦æ‰€,normal,normal,
555,-332,è—¤æœ¨ãƒã‚¦ã‚¹,normal,normal,
240,-906,ãƒ¬ã‚³ãƒ¼ãƒ‰ç”¨ã‚¯ãƒªãƒ¼ãƒ‘ãƒ¼ãƒˆãƒ©ãƒƒãƒ—,normal,normal,
308,88,ãƒ«ãƒ¼ãƒŠã®åº­åœ’ï¼ˆèŠ±ç•‘ï¼‰,normal,normal,
113,-657,ãã‚‰ã‚¹ãƒ†ãƒ¼ã‚·ãƒ§ãƒ³ï¼ˆãã‚‰ãƒã‚¦ãƒ³ãƒ†ãƒ³é§…ï¼‰,normal,normal,
-93,-810,PESUKE,normal,normal,
300,-797,ä¸çŸ¥ç«å»ºè¨­äº‹å‹™æ‰€,normal,normal,
317,-772,é­”ç‹è»ä¼šè­°å®¤ï¼ˆé›€å“ï¼‰,normal,normal,
203,-459,ã€ç¾ä»£ç¤¾ä¼šã®é—‡ã€ï¼ˆæ’¤å»æ¸ˆï¼‰,normal,normal,
204,-466,ãƒãƒ«ã‚«ã®æˆé‡‘ãƒã‚¦ã‚¹ï¼ˆæ’¤å»æ¸ˆï¼‰,normal,normal,
297,-434,ã¾ãªæ¿ãƒ¢ãƒ‹ãƒ¥ãƒ¡ãƒ³ãƒˆ,normal,normal,
245,-238,é‡£ã‚Šå €,normal,normal,
256,-289,ã¾ã¤ã‚Šã®åœ°ä¸‹æ‹ ç‚¹å…¥å£,normal,normal,
308,-275,å¤©ç©ºãƒ­ã‚°ãƒã‚¦ã‚¹,normal,normal,
440,-136,ã¿ã“ã®ãƒã‚°ãƒãƒã‚¦ã‚¹,normal,normal,
393,-616,ã‚³ãƒ­ã‚·ã‚¢ãƒ ,normal,normal,
449,-676,éšœå®³ç‰©ç«¶èµ°ã‚³ãƒ¼ã‚¹ã€å¤©å›½ã¨åœ°ç„ã€,normal,normal,
464,-659,ãƒ›ãƒ­ãƒ©ã‚¤ãƒ–é‹å‹•ä¼šãƒ­ã‚´,normal,normal,
489,-579,æ•‘è­·å®¤,normal,normal,
552,-597,é³¥äººé–“ãƒ€ãƒ¼ãƒ„,normal,normal,
462,-525,ã‚ªã‚ªã‚«ãƒŸé‰„é“ é‹å‹•ä¼šä¼šå ´é§…,normal,normal,
480,-568,ä½“æ“ç€ã¿ã“ãƒŸã‚ª,normal,normal,
331,-389,é­”ç‹åŸ,normal,normal,
332,-350,å™´æ°´,normal,normal,
351,-331,ã—ã‘æ‘Xmasãƒãƒ¼ã‚±ãƒƒãƒˆ,normal,normal,
356,-382,ã‚‚ã‚“ã‚‚ã‚“ãƒ•ã‚¡ãƒ¼ãƒ ,normal,normal,
372,-345,ã—ã‘æ‘å½¹å ´å…¼ã¿ã“ã®å®¶,normal,normal,
389,-375,è‡ªå‹•ã‚µãƒˆã‚¦ã‚­ãƒ“åç©«è£…ç½®,normal,normal,
412,-348,ã—ã‘ã‚´ãƒ¼ãƒ©ãƒ³ãƒ‰,normal,normal,
-107,-550,ãºã“ã‚‰ã‚“ã©åŸ,normal,normal,
-54,-544,ãƒ‘ãƒ¬ãƒ¼ãƒ‰,normal,normal,
-54,-523,ãƒã‚°ãƒã‚³ãƒ¼ã‚¹ã‚¿ãƒ¼,normal,normal,
-52,-567,ãƒšã‚³ãƒ¼ã‚¹ã‚¿ãƒ¼,normal,normal,
-29,-529,ãƒã‚°ãƒã‚³ãƒ¼ã‚¹ã‚¿ãƒ¼ï¼ˆå‡ºå£ï¼‰,normal,normal,
-25,-571,KFP ãºã“ã‚‰ã‚“ã©åº—,normal,normal,
-20,-513,æ•‘å‡ºã‚¯ã‚¨ã‚¹ãƒˆ,normal,normal,
-11,-545,ãºã“ã‚‰ã‚“ã©ãƒã‚¹ã‚³ãƒƒãƒˆåƒ,normal,normal,
-9,-570,ã‚¹ãƒ†ãƒ¼ã‚­&ã‚°ãƒªãƒ«BOTAN,normal,normal,
2,-521,ä¼‘æ†©æ‰€å…¼ç¤¾å“¡å¯®ï¼ˆé»’ã„ã†ã•ãï¼‰,normal,normal,
5,-569,ãƒ•ãƒ¼ãƒ‰ã‚³ãƒ¼ãƒˆ,normal,normal,
9,-540,æ¼”å¥è£…ç½®ã€Œã‚‹ã‚“ãºã“ã‚‰ã‚“ã©â™ªã€,normal,normal,
15,-552,ãºã“ã‚‰ã‚“ã©å…¥å ´ã‚²ãƒ¼ãƒˆï¼ˆãƒˆãƒ©ãƒƒãƒ—ï¼‰,normal,normal,
15,-534,ãºã“ã‚‰ã‚“ã©å…¥å‡ºå ´ã‚²ãƒ¼ãƒˆï¼ˆæ–™é‡‘æ”¯æ‰•æ‰€ï¼‰,normal,normal,
102,-100,é¦¬ç”¨é§è»Šå ´,normal,normal,
95,-74,ã¤ã®ã¾ãã˜ã‚ƒã‚“ã‘ã‚“å±‹å°,normal,normal,
82,-72,ã¾ãŒã¾ãŒè¿·è·¯,normal,normal,
109,-70,ãƒã‚¨ãƒ«ãƒŸãƒ«ã‚¯ï¼ˆå±‹å°ï¼‰,normal,normal,
44,-66,ã‚­ãƒ£ãƒ³ãƒ—ãƒ†ãƒ³ãƒˆ,normal,normal,
31,-65,ãƒ‰ãƒ©ã‚´ãƒ³ã‚µã‚¤ã‚ºã®ãƒˆã‚¤ãƒ¬,normal,normal,
85,-53,ç„¼ãé³¥å±‹ï¼ˆå±‹å°ï¼‰,normal,normal,
99,-53,éººå±‹ã¼ãŸã‚“ï¼ˆå±‹å°ï¼‰,normal,normal,
110,-53,ä¼‘æ†©æ‰€ï¼ˆå±‹å°ï¼‰,normal,normal,
121,-53,ã‹ãæ°·å±‹,normal,normal,
95,-49,åœ°ä¸‹ã‚«ã‚¸ãƒ,normal,normal,
55,-48,èšŠå–ã‚Šã†ã•ãï¼ˆã†ã•å»ºå¤ç¥­ã‚Šä¼šå ´ç›®å°ï¼‰,normal,normal,
123,-48,UPRPé—‡å¸‚,normal,normal,
129,-41,é³¥å±…ï¼ˆå¤ç¥­ã‚Šä¼šå ´ï¼‰,normal,normal,
40,-39,éŠ…é‘¼,normal,normal,
55,-39,ã‚„ãã‚‰,normal,normal,
21,-37,THANK YOU ğŸ‰,normal,normal,
121,-30,ã‚¹ã‚¤ã‚«ï¼ˆãƒ”ã‚¯ã‚»ãƒ«ã‚¢ãƒ¼ãƒˆï¼‰,normal,normal,
122,-28,ã‚¹ã‚¤ã‚«å±‹,normal,normal,
132,-27,æ™‚è¨ˆå°ï¼ˆå¤ç¥­ã‚Šä¼šå ´ï¼‰,normal,normal,
110,-26,ãƒ ãƒ¼ãƒŠã®å°„çš„å±‹,normal,normal,
86,-25,ã‚­ã‚¢ãƒ©ã®å°„æ’ƒå±‹,normal,normal,
98,-25,ãºã“ã‚‰ã®å°„çš„å±‹,normal,normal,
61,-24,æ „å…‰ã®æ¶æ©‹,normal,normal,
56,-17,ç«¿ç‡ˆ,normal,normal,
102,-7,æ©‹ãƒ»æ»,normal,normal,
58,-5,ã‚‹ã—ã‚ã®é‡‘é­šã™ãã„,normal,normal,
69,-4,æµã—ãã†ã‚ã‚“ã®æ»,normal,normal,
55,-2,é«˜ã¿ã®è¦‹ç‰©å¸­,normal,normal,
34,6,ã¼ã£ãŸãã‚Šãƒˆã‚¤ãƒ¬,normal,normal,
57,6,ãŸã“ç„¼ãå±‹,normal,normal,
70,6,é¤Šè­·æ–½è¨­ï¼ˆã‚ãƒ¼ã¼è£½è–¬ï¼‰,normal,normal,
44,7,MINA DE POLICEï¼ˆäº¤ç•ªï¼‰,normal,normal,
78,7,ãƒˆãƒ¯ã®å¢“,normal,normal,
97,10,ãã˜å±‹,normal,normal,
24,12,LOVE TUNNELå‡ºå£,normal,normal,
9,13,ã‚¢ãƒ¡ã‚¸ã‚¹ãƒˆãƒˆãƒ©ãƒƒãƒ—,normal,normal,
85,14,LOVE TUNNEL,normal,normal,
136,19,ã‚¢ãƒ‹ãƒãƒ«ã™ãã„,normal,normal,
98,22,ãŠã°ã‘å±‹æ•·,normal,normal,
69,23,â—‹Ã—ã‚¯ã‚¤ã‚ºä¼šå ´,normal,normal,
95,35,ãƒãƒ†ãƒˆå±‹,normal,normal,
95,47,ãƒ•ãƒ¼ãƒ‰ã‚³ãƒ¼ãƒˆï¼ˆãƒãƒ†ãƒˆå±‹ï¼‰,normal,normal,
95,62,ã‚¤ãƒ³ã‚­ãƒ£ã®ã‚ã–ã‚ï¼ˆå‡ºå¼µè²©å£²ï¼‰,normal,normal,
100,74,ãƒãƒ«ã‚«éŠ€è¡ŒATM,normal,normal,
63,76,æ°·ä¸Šãƒœãƒ¼ãƒˆãƒ¬ãƒ¼ã‚¹,normal,normal,
104,90,ã‚¬ãƒ©ã‚¹è¿·è·¯,normal,normal,
96,153,ã¼ãŸã‚“ã®å°„çš„å ´,normal,normal,
296,-359,ï¼‹ãƒãƒƒã‚¯ã¯ã‚ã¡ã‚ƒã¾,normal,normal,
264,-125,çµ¶æœ›ã¯ã‚ã¡ã‚ƒã¾,normal,normal,
158,-229,ã¯ã‚ã¡ã‚ƒã¾ã‚¯ãƒƒã‚­ãƒ³ã‚°,normal,normal,
112,-647,ã‚ã‚“è‚ãƒ»ã†ã•ããƒ»ã‚¤ãƒ³ãƒ™ãƒ¼ãƒ€ãƒ¼,normal,normal,
156,-223,ã‚¬ãƒ³ã‚®ãƒãƒªã‚ãŸã‚,normal,normal,
232,-361,1ç­‰èº«YAGOOï¼ˆhololiveä»˜è¿‘ï¼‰,normal,normal,
290,-281,å¤©ç©º1ç­‰èº«YAGOO,normal,normal,
255,-168,1ç­‰èº«YAGOOï¼ˆåˆæœŸãƒªã‚¹ãƒãƒ¼ãƒ³ä»˜è¿‘ã®æ©‹ï¼‰,normal,normal,
455,-137,ã¯ã‚ã‚ãŸï¼ˆãƒ”ã‚¯ã‚»ãƒ«ã‚¢ãƒ¼ãƒˆï¼‰,normal,normal,
132,-189,å°¾ä¸¸ãƒãƒ«ã‚«ï¼ˆãƒ”ã‚¯ã‚»ãƒ«ã‚¢ãƒ¼ãƒˆï¼‰,normal,normal,
205,-102,ã‚ã‚“ã½ã‚“ãŸã‚“,normal,normal,
307,-307,ã¯ã‚ã¡ã‚ƒã¾ã£ã¡ã‚ƒã¾ï½ï¼ï¼ˆãƒ”ã‚¯ã‚»ãƒ«ã‚¢ãƒ¼ãƒˆï¼‰,normal,normal,
147,-121,ãŠã¾ã‚“ã˜ã‚…ã†ã‹ãªãŸã,normal,normal,
142,-62,æ˜Ÿè¡—ã™ã„ã›ã„ï¼ˆãƒ”ã‚¯ã‚»ãƒ«ã‚¢ãƒ¼ãƒˆï¼‰,normal,normal,
138,-420,ã‚ãã‚ãƒ»ã‚·ã‚ªãƒ³ï¼ˆãƒ”ã‚¯ã‚»ãƒ«ã‚¢ãƒ¼ãƒˆï¼‰,normal,normal,
-275,-566,æ¹Šã‚ãã‚ï¼ˆãƒ”ã‚¯ã‚»ãƒ«ã‚¢ãƒ¼ãƒˆï¼‰,normal,normal,
-275,-548,AKUKINå»ºè¨­ãƒ­ã‚´,normal,normal,
636,-234,ã¤ã®ã¾ãã˜ã‚ƒã‚“ã‘ã‚“çœ‹æ¿,normal,normal,
11,-407,æ¡ç”Ÿã‚³ã‚³ï¼ˆãƒ”ã‚¯ã‚»ãƒ«ã‚¢ãƒ¼ãƒˆï¼‰,normal,normal,
-194,-666,å·¨å¤§YAGOO,normal,normal,
-36,-406,å§«æ£®ãƒ«ãƒ¼ãƒŠï¼ˆãƒ”ã‚¯ã‚»ãƒ«ã‚¢ãƒ¼ãƒˆï¼‰,normal,normal,
-36,-435,è§’å·»ã‚ãŸã‚ï¼ˆãƒ”ã‚¯ã‚»ãƒ«ã‚¢ãƒ¼ãƒˆï¼‰,normal,normal,
-52,-407,å¸¸é—‡ãƒˆãƒ¯ï¼ˆãƒ”ã‚¯ã‚»ãƒ«ã‚¢ãƒ¼ãƒˆï¼‰,normal,normal,
-52,-434,å¤©éŸ³ã‹ãªãŸï¼ˆãƒ”ã‚¯ã‚»ãƒ«ã‚¢ãƒ¼ãƒˆï¼‰,normal,normal,
-67,-420,æ¡ç”Ÿã‚³ã‚³ï¼ˆãƒ”ã‚¯ã‚»ãƒ«ã‚¢ãƒ¼ãƒˆï¼‰,normal,normal,
298,-790,ä¸çŸ¥ç«å»ºè¨­ãƒ­ã‚´,normal,normal,
606,-295,ã‚ãŸã‚ã„ã¨,normal,normal,
101,-252,ã‚¯ãƒ¬ã‚¤ã‚¸ãƒ¼ãƒ»ã‚ªãƒªãƒ¼ï¼ˆãƒ”ã‚¯ã‚»ãƒ«ã‚¢ãƒ¼ãƒˆï¼‰,normal,normal,
541,-502,ãƒãƒ¼ãƒˆï¼ˆãƒ¢ãƒ‹ãƒ¥ãƒ¡ãƒ³ãƒˆï¼‰,normal,normal,
250,-392,ãƒ†ãƒˆãƒªã‚¹ãƒ¢ãƒ‹ãƒ¥ãƒ¡ãƒ³ãƒˆï¼ˆDTç ²ï¼‰,normal,normal,
404,-105,ã‚«ãƒœãƒãƒ£ï¼ˆãƒ”ã‚¯ã‚»ãƒ«ã‚¢ãƒ¼ãƒˆï¼‰,normal,normal,
317,-259,éª¨ç²‰å·¥å ´,normal,normal,
351,-352,ã‚¨ãƒªãƒ¼ãƒˆãƒã‚§ã‚¹ãƒˆãƒã‚¦ã‚¹ï¼ˆè‡ªå‹•ä»•åˆ†ã‘å€‰åº«ï¼‰,normal,normal,
158,-105,ã‹ãŸãŸï¼ˆã‹ãªãŸï¼‰æ°ã®ç›£è¦–éƒ¨å±‹,normal,normal,
-154,-720,ç¯ç± ,normal,normal,
-127,-716,ã‚¹ãƒãƒ«ã®å®¶ï¼ˆã‚·ãƒ³ãƒœãƒ«å‹ï¼‰,normal,normal,
-103,-720,ã‚¹ãƒ©ã‚¤ãƒ ãƒˆãƒ©ãƒƒãƒ—å…¥å£,normal,normal,
262,-719,ã‚‹ã—ã‚ã®è¬ã®å»ºé€ ç‰©ï¼ˆæœªå®Œæˆï¼‰,normal,normal,
-190,-665,YAGOOã®ãŠã¾ã‚‹ï¼ˆæœªå®Œæˆï¼‰,normal,normal,
-56,-581,å¤§ç©ºå»ºç¯‰ç¤¾å“¡å¯®,normal,normal,
179,-652,éœ²å¤©é¢¨å‘‚ï¼ˆã‚¹ãƒæ¸©æ³‰ï¼‰,normal,normal,
193,-673,ç›®éš ã—ä¸¦æœ¨ï¼ˆã‚¹ãƒæ¸©æ³‰ï¼‰,normal,normal,
-236,-516,AKUKINå»ºè¨­æœ¬ç¤¾é§…,normal,normal,
123,-569,ã‚¯ãƒªã‚¹ãƒã‚¹ãƒ„ãƒªãƒ¼,normal,normal,
124,-351,æ´‹å¼å»ºç¯‰åœŸå°ï¼ˆæœªå®Œæˆï¼‰,normal,normal,
140,-464,æ¼”å¥è£…ç½®ã€ŒãŸã¬ãã¡ã®å†’é™ºã€,normal,normal,
154,-474,ãƒ©ãƒŸã‚£ã®æ°´æ§½,normal,normal,
216,-455,æ—æ¥­æ–½è¨­,normal,normal,
282,-453,ã‚¹ãƒãƒ¼ã‚´ãƒ¼ãƒ¬ãƒ å°å±‹,normal,normal,
366,-543,ãƒˆã‚¤ãƒ¬,normal,normal,
75,-429,AKUKINå»ºè¨­åœ°ä¸‹ã‚¢ã‚¸ãƒˆå…¥å£,normal,normal,
//78,-444,å„ªå‹ãƒˆãƒ­ãƒ•ã‚£ãƒ¼ï¼ˆæ’¤å»æ¸ˆï¼‰,normal,normal,
110,-378,å™´æ°´,normal,normal,
181,-412,ã‚¹ãƒãƒ«ã®ä»®æ‹ ç‚¹,normal,normal,
281,-342,æ›¸æ–ï¼ˆã‚·ãƒ§ãƒ¼ãƒˆã‚«ãƒƒãƒˆã‚²ãƒ¼ãƒˆï¼‰,normal,normal,
286,-389,ã‚‹ã—ã‚ã®ãƒã‚°ãƒãƒ—ãƒ¼ãƒ«ï¼ˆãƒšãƒƒãƒˆå°å±‹ï¼‰,normal,normal,
385,-335,ã‚ªã‚ªã‚«ãƒŸé‰„é“ ã¡ãã‚ã¶ã‚¿ãƒ¯ãƒ¼å‰é§…,normal,normal,
17,-272,dry big kusaï¼ˆå¹²ã—è‰ï¼‰,normal,normal,
24,-309,ãƒ¬ã‚¤ãƒã®æ¡Ÿæ©‹,normal,normal,
26,-203,ãƒ–ãƒ©ãƒ³ã‚³,normal,normal,
28,-232,ãƒ¦ãƒ‹ã‚³ãƒ¼ãƒ³ï¼ˆIDãƒ¢ãƒ¼ãƒ«ï¼‰,normal,normal,
38,-256,ã‚¿ãƒ¬ãƒƒãƒˆ,normal,normal,
40,-204,ãƒ‹ãƒ¯ãƒˆãƒªå°å±‹,normal,normal,
52,-208,Moon Forestï¼ˆæ¤æ—å ´ï¼‰,normal,normal,
65,-196,è‡ªå‹•ã‚µãƒˆã‚¦ã‚­ãƒ“ãƒ»ç«¹åç©«è£…ç½®,normal,normal,
86,-219,ã‚¨ãƒ¬ãƒ™ãƒ¼ã‚¿ãƒ¼ï¼ˆUFOï¼‰,normal,normal,
261,-265,ç¯ç± ,normal,normal,
269,-241,å…±æœ‰ç‰§å ´,normal,normal,
280,-283,ã¾ã¤ã‚Šã™,normal,normal,
296,-222,å…±æœ‰ç•‘,normal,normal,
356,-305,æ—§ã—ã‘æ‘å…¥å£,normal,normal,
98,-145,stoneigiriï¼ˆã‚¹ã‚¤ã‚«å…¥ã‚ŠçŸ³ãŠã«ãã‚Šï¼‰,normal,normal,
605,-261,æ¼”å¥è£…ç½®ï¼ˆWeather Hackersâ˜†ï¼‰,normal,normal,
56,-182,Love Hotelï¼ˆæ‘äººå°å±‹ï¼‰,normal,normal,
71,-174,æ¸©å®¤è¾²åœ’,normal,normal,
87,-171,ç‰›ç¹æ®–è£…ç½®,normal,normal,
92,-167,è‡ªå‹•ç„¼ãé³¥è£…ç½®,normal,normal,
269,-82,ã‚ªãƒªãƒ¼ã®å¢“ï¼ˆè˜‡ç”Ÿåœ°ç‚¹ï¼‰,normal,normal,
437,-92,ã‚ã¼ã®ã¤ã‚ˆã¤ã‚ˆåœ°ä¸‹ãƒã‚¦ã‚¹,normal,normal,
567,-184,ã‚¦ãƒ¼ãƒ‘ãƒ¼ãƒ«ãƒ¼ãƒ‘ãƒ¼å‹æ°´æ§½,normal,normal,
133,-12,å¸¸é—‡ã‚¦ã‚©ãƒ¼ã‚¿ãƒ¼ãƒ‘ãƒ¼ã‚¯å‡ºå£,normal,normal,
515,-259,å¤©ç©ºçˆ†ç ´è£…ç½®,normal,normal,
308,-249,å¤©ç©ºãƒ‘ãƒ¼ãƒ†ã‚£ãƒ¼ä¼šå ´,normal,normal,
278,-38,ãƒ›ãƒ­ãƒ©ã‚¤ãƒ–ENãƒ­ã‚´,normal,normal,
273,-11,ãƒ›ãƒ­JPã‚µãƒ¼ãƒãƒ¼ãƒãƒƒãƒ—,normal,normal,
284,-25,ã‚²ãƒ¼ãƒˆ,normal,normal,
284,-38,æ©‹,normal,normal,
293,-38,äº•æˆ¸,normal,normal,
284,-53,ENãƒãƒ¼ã‚¿ãƒ«é§…,normal,normal,
274,-118,ãƒ€ã‚¤ãƒ¤ãƒ¢ãƒ³ãƒ‰ãƒã‚¦ã‚¹,normal,normal,
606,-310,ã‚ãŸã‚å°†è»,normal,normal,
158,-332,ãŠèŠ±ç•‘ã®éš ã‚Œå®¶,normal,normal,
197,48,ãƒ›ãƒ­ã‚¦ãƒƒãƒ‰ã‚µã‚¤ãƒ³,normal,normal,
266,-131,é…ç®¡ã‚³ãƒ³ã‚»ãƒ—ãƒˆãƒ«ãƒ¼ãƒ ,normal,normal,
71,-559,é§…èˆï¼ˆäººé–“å·¥å ´å‰é§…ï¼‰,normal,normal,
154,-553,ã‚¦ãƒ‘æ¨ã¦ç©´,normal,normal,
180,-36,ç«¹æ—,normal,normal,
321,56,ãƒ„ãƒ„ã‚¸ç¾¤ç”Ÿåœ°,normal,normal,
27,-146,é¢¨è»Š,normal,normal,
16,-170,æ™‚è¨ˆå°,normal,normal,
272,2,ENãƒ¡ãƒ³ãƒãƒ¼ç”¨ãƒ™ãƒƒãƒ‰,normal,normal,
269,-9,ãƒ•ãƒªãƒ¼ãƒã‚§ã‚¹ãƒˆãƒ«ãƒ¼ãƒ ,normal,normal,
293,33,çŸ³åƒã¨éšæ®µåºƒå ´,normal,normal,
293,50,å»ƒæ£„ã•ã‚ŒãŸå††å½¢ãƒãƒ¼ã‚¿ãƒ«,normal,normal,
300,-13,VIPãªãƒ¬ãƒ³ã‚¬å€‰åº«,normal,normal,
304,-30,ãƒ„ãƒªãƒ¼ãƒã‚¦ã‚¹,normal,normal,
293,57,é£›ã³é™ã‚Šå°ã‚¿ãƒ¯ãƒ¼,normal,normal,
281,-18,è³‡æºã‚µãƒ¼ãƒãƒ¼é€£çµ¡æ°´è·¯,normal,normal,
312,9,ãƒ‘ãƒ³ãƒ‰ãƒ©ãƒœãƒƒã‚¯ã‚¹ãƒã‚¦ã‚¹ï¼ˆæ°´è±†è…ï¼‰,normal,normal,
315,31,éº»å©†è±†è…ï¼ˆãƒˆãƒ©ãƒƒãƒ—ãƒã‚¦ã‚¹ï¼‰,normal,normal,
266,-124,ã‚¦ã‚§ãƒ«ã‚«ãƒ ãƒœãƒ¼ãƒ‰,normal,normal,
589,-295,ãƒ‰ãƒ‰ãƒ‰ã‚¿ã‚¦ãƒ³çœ‹æ¿,normal,normal,
491,-459,ãƒã‚¶ãƒ¼ã‚¯ãƒªã‚¹ãƒã‚¹ãƒ„ãƒªãƒ¼,normal,normal,
639,-295,ã‚ãŸã‚ã‚ã‚“ or ãƒ©ãƒ ãƒãƒ§ãƒƒãƒ—,normal,normal,
651,-162,æ¸©å®¤,normal,normal,
30,124,é­”å‰£,normal,normal,
594,-198,ã‚¹ãƒãƒ¼ã‚´ãƒ¼ãƒ¬ãƒ å°å±‹,normal,normal,
589,-199,å¤§æ¨¹ã®éƒ¨å±‹ï¼ˆå…‰ã®å¤§æ¨¹ï¼‰,normal,normal,
607,-188,å…±æœ‰å€‰åº«ï¼ˆå…‰ã®å¤§æ¨¹ï¼‰,normal,normal,
-191,-623,æ¼†é»’ã®å¡”,normal,normal,
//290,-195,ãƒ›ãƒ­ãƒã‚¦ã‚¹å‰,station,rails,
//293,-194,ãƒ›ãƒ­ãƒã‚¦ã‚¹å‰,station,rails,
292,-195,ãƒ›ãƒ­ãƒã‚¦ã‚¹å‰,station,rails,
424,-91,é«˜æ€§èƒ½ãƒã‚¦ã‚¹å±±éº“,station,rails,
387,-333,ã¡ãã‚ã¶ã‚¿ãƒ¯ãƒ¼å‰,station,rails,
463,-511,é‹å‹•ä¼šä¼šå ´ï¼ˆä¹—ã‚Šå ´ï¼‰,station,rails,
461,-520,é‹å‹•ä¼šä¼šå ´ï¼ˆä¸‹è»Šï¼‰,station,rails,
//232,-344,AKUKINã‚¹ãƒ†ãƒ¼ã‚·ãƒ§ãƒ³,station,rails,
//234,-344,AKUKINã‚¹ãƒ†ãƒ¼ã‚·ãƒ§ãƒ³,station,rails,
233,-344,AKUKINã‚¹ãƒ†ãƒ¼ã‚·ãƒ§ãƒ³,station,rails,
245,-360,AKUKINã‚¹ãƒ†ãƒ¼ã‚·ãƒ§ãƒ³å‰,station,rails,
198,-470,ã­ã½ã‚‰ã¼ãƒ“ãƒ«å‰,station,rails,
-238,-517,AKUKINå»ºè¨­æœ¬ç¤¾å‰,station,rails,
69,-427,æ—§AKUKINå»ºè¨­æœ¬ç¤¾å‰,station,rails,
260,-184,ãƒ›ãƒ­ãƒã‚¦ã‚¹å‰,station,rails,
284,-58,ENãƒãƒ¼ã‚¿ãƒ«å‰,station,rails,
71,-561,äººé–“å·¥å ´å‰,station,rails,
287,-203,ãƒ›ãƒ­ãƒã‚¦ã‚¹å‰,station,rails,
468,-245,ãƒ¡ãƒ«å®…å‰,station,rails,
281,-18,ENãƒãƒ¼ã‚¿ãƒ«å‰,boat,nene-waterway,
275,-212,ç¬¬2è³‡æºã‚µãƒ¼ãƒãƒ¼ã‚²ãƒ¼ãƒˆå‰,boat,nene-waterway,
199,-282,ç¬¬1è³‡æºã‚µãƒ¼ãƒãƒ¼ãƒãƒ¼ã‚¿ãƒ«å‰,boat,nene-waterway,
296,-358,ã¯ã‚ã¡ã‚ƒã¾ãƒ‡ã‚¹ã‚³ãƒ¼ã‚¹ã‚¿ãƒ¼ä¹—ã‚Šå ´,station,haachama-coaster,
466,-143,ã¯ã‚ã¡ã‚ƒã¾ãƒ‡ã‚¹ã‚³ãƒ¼ã‚¹ã‚¿ãƒ¼ç¬¬1éƒ¨çµ‚ç€ç‚¹ï¼ˆä¸‹è»Šï¼‰,station,haachama-coaster,
462,-136,ã¯ã‚ã¡ã‚ƒã¾ãƒ‡ã‚¹ã‚³ãƒ¼ã‚¹ã‚¿ãƒ¼ç¬¬2éƒ¨ä¹—ã‚Šå ´,station,haachama-coaster,
255,-372,ã¯ã‚ã¡ã‚ƒã¾ãƒ‡ã‚¹ã‚³ãƒ¼ã‚¹ã‚¿ãƒ¼ç¬¬2éƒ¨çµ‚ç€ç‚¹ï¼ˆä¸‹è»Šï¼‰,station,haachama-coaster,
299,-367,ãƒãƒ™ã¡ã‚ƒã¾ã®å¡”ãƒ»ã‚ãã‚åœ°ä¸‹å¸å›½è¡Œãä¹—ã‚Šå ´,station,haachama-coaster,
//299,-435,åˆ†å²ç‚¹,station,haachama-coaster,
420,-719,ãƒãƒ™ã¡ã‚ƒã¾ã®å¡”,station,haachama-coaster,
324,-259,çˆ†ç ´ãƒ‰ãƒƒã‚­ãƒªãƒˆãƒ­ãƒƒã‚³ä¹—ã‚Šå ´,station,tenkuu-aqua-line,
511,-259,çˆ†ç ´ãƒ‰ãƒƒã‚­ãƒªãƒˆãƒ­ãƒƒã‚³çµ‚ç€ç‚¹,station,tenkuu-aqua-line,
//324,-249,è½ä¸‹ãƒ‰ãƒƒã‚­ãƒªãƒˆãƒ­ãƒƒã‚³ä¹—ã‚Šå ´,station,tenkuu-aqua-line,
//324,-247,è½ä¸‹ãƒ‰ãƒƒã‚­ãƒªãƒˆãƒ­ãƒƒã‚³ä¹—ã‚Šå ´,station,tenkuu-aqua-line,
324,-248,è½ä¸‹ãƒ‰ãƒƒã‚­ãƒªãƒˆãƒ­ãƒƒã‚³ä¹—ã‚Šå ´,station,tenkuu-aqua-line,
544,-151,è½ä¸‹ãƒ‰ãƒƒã‚­ãƒªãƒˆãƒ­ãƒƒã‚³çµ‚ç€ç‚¹ï¼ˆä¸‹è»Šï¼‰,station,tenkuu-aqua-line,
536,-147,è½ä¸‹ãƒ‰ãƒƒã‚­ãƒªãƒˆãƒ­ãƒƒã‚³çµ‚ç€ç‚¹ï¼ˆä¸‹è»Šï¼‰,station,tenkuu-aqua-line,
//224,-329,ãƒ›ãƒ­ãƒ©ã‚¤ãƒ–ãƒ¬ã‚¸ã‚¹ã‚¿ãƒ³ã‚¹ãƒãƒ³ã‚·ãƒ§ãƒ³,station,tenkuu-aqua-line,
254,-345,ç§˜å¯†åŸºåœ°,normal,aqua-line,https://seesaawiki.jp/hololivetv/d/%CC%AB%A4%A2%A4%AF%A4%A2%A1%DAMinecraft%A1%DB#AquaSecretbase
298,-273,ã‚·ã‚ªãƒ³ã®åœ°ä¸‹å®¤,normal,aqua-line,https://seesaawiki.jp/hololivetv/d/%BB%E7%BA%E9%A5%B7%A5%AA%A5%F3%A1%DAMinecraft%A1%DB#shionbase
310,-269,ã‚ãã‚ã®åœ°ä¸‹å€‰åº«,normal,aqua-line,
321,-263,å°éº¦æ ½åŸ¹è£…ç½®ï¼ˆèª¿æ•´ä¸­ï¼‰,normal,aqua-line,
301,-273,ã‚ãã‚ã®ã‚¨ãƒ³ãƒãƒ£ãƒ³ãƒˆéƒ¨å±‹,normal,aqua-line,
274,-281,ã‚·ã‚ªãƒ³ã®å®‡å®™éƒ¨å±‹ï¼ˆæœªå®Œæˆï¼‰,normal,aqua-line,
636,-119,åœ°ä¸‹é¨’éŸ³éƒ¨å±‹,normal,aqua-line,
//285,-258,ã‚ãã‚ãƒ©ã‚¤ãƒ³,ladder,aqua-line,https://seesaawiki.jp/hololivetv/d/%CC%AB%A4%A2%A4%AF%A4%A2%A1%DAMinecraft%A1%DB#aqualine
285,-258,ã‚ãã‚ãƒ©ã‚¤ãƒ³ æ­£é¢ç„é–¢è·¡ï¼ˆã‚·ã‚ªãƒ³å®…ï¼‰,ladder,aqua-line,https://seesaawiki.jp/hololivetv/d/%CC%AB%A4%A2%A4%AF%A4%A2%A1%DAMinecraft%A1%DB#aqualine
//308,-269,ã‚¬ãƒ³ãƒ€ãƒ ï¼ˆã‚ãã‚ã®æ‹ ç‚¹å…¥å£ï¼‰,ladder,aqua-line,
347,-322,ã—ã‘æ‘,ladder,aqua-line,
328,-295,èœ‚é¤Šæˆæ‰€ã€ã‚ããƒ—ãƒ­ã€,ladder,aqua-line,
290,-346,ãƒã‚¶ãƒ¼ã‚²ãƒ¼ãƒˆï¼ˆé–‰é–ï¼‰,ladder,aqua-line,
251,-345,ã‚¾ãƒ³ãƒ“ãƒˆãƒ©ãƒƒãƒ—å‰,ladder,aqua-line,
//200,-296,è»Œé“ã‚¨ãƒ¬ãƒ™ãƒ¼ã‚¿ãƒ¼ï¼ˆè³‡æºã‚µãƒ¼ãƒãƒ¼ãƒãƒ¼ã‚¿ãƒ«ï¼‰,ladder,aqua-line,
232,-123,ã‚¸ãƒ³ã‚¸ãƒ£ãƒ¼ã‚¨ãƒ¼ãƒ«ï¼ˆã•ãã‚‰ç¥ç¤¾å‰ï¼‰,ladder,aqua-line,
319,-258,éª¨ç²‰å·¥å ´,ladder,aqua-line,
298,-249,è½ä¸‹ãƒˆãƒ©ãƒƒãƒ—å‡ºå£,bubble,aqua-line,
635,-123,ã‚·ã‚ªãƒ³ã®æ–°å±…,ladder,aqua-line,
189,-509,ã­ã­ã®åœ°ä¸‹é€šè·¯å…¥å£,normal,nene-metro,
171,-539,ãƒœãƒ¼ãƒˆä¹—ã‚Šå ´ï¼ˆ5æœŸç”Ÿãƒ“ãƒ«ï¼‰,boat,nene-metro,
101,-248,ãƒœãƒ¼ãƒˆä¹—ã‚Šå ´ï¼ˆã‚ªãƒªãƒ¼ã®å®¶ï¼‰,boat,nene-metro,
//99,-237,ã‚ªãƒªãƒ¼ã®å®¶,ladder,nene-metro,
//160,-103,ã‹ãŸãŸï¼ˆã‹ãªãŸï¼‰æ°ã®ç›£è¦–éƒ¨å±‹,normal,haachama-glass-way,
//440,-179,ç¾Šç›£è¦–å¡”,normal,haachama-glass-way,
440,-179,ç›£è¦–ãƒ­ãƒ¼ãƒ‰ï¼ˆå»ƒç·šï¼‰,barrier,haachama-glass-way,
-28,-523,ãƒã‚°ãƒã‚³ãƒ¼ã‚¹ã‚¿ãƒ¼ä¹—ã‚Šå ´,station,pekoland-coasters,
//-28,-529,ãƒã‚°ãƒã‚³ãƒ¼ã‚¹ã‚¿ãƒ¼çµ‚ç€ç‚¹ï¼ˆä¸‹è»Šï¼‰,station,pekoland-coasters,
-49,-567,ãƒšã‚³ãƒ¼ã‚¹ã‚¿ãƒ¼ä¹—ã‚Šå ´,station,pekoland-coasters,
